company_id,cluster_id,cluster_name,distance_from_centroid
ABB,0,Value Cyclicals,0.6495270927760607
ADANIENSOL,0,Value Cyclicals,1.1400001574074565
ADANIENT,0,Value Cyclicals,1.3848671546332547
ADANIGREEN,3,Distressed or Turnaround,2.509893415400508
ADANIPORTS,1,High-Quality Compounders,1.3779413313148081
ADANIPOWER,0,Value Cyclicals,1.1141612372368312
AMBUJACEM,0,Value Cyclicals,1.009008690871065
APOLLOHOSP,0,Value Cyclicals,0.5555031536467897
ASIANPAINT,0,Value Cyclicals,0.38184910228369556
ATGL,0,Value Cyclicals,1.8635738671818758
AXISBANK,3,Distressed or Turnaround,0.9041265515405312
BAJAJAUTO,0,Value Cyclicals,0.6428480417940314
BAJAJFINSV,3,Distressed or Turnaround,1.0576584899664752
BAJAJHLDNG,1,High-Quality Compounders,2.443199568566112
BAJFINANCE,3,Distressed or Turnaround,1.6245734915197967
BANKBARODA,3,Distressed or Turnaround,1.8315378959867603
BEL,2,Defensive Dividend Payers,0.6316122850241761
BHARTIARTL,1,High-Quality Compounders,1.2867039464749115
BHEL,0,Value Cyclicals,2.390927603416801
BOSCHLTD,0,Value Cyclicals,0.9331223561919837
BPCL,0,Value Cyclicals,0.5333366858224522
BRITANNIA,0,Value Cyclicals,1.6177045739532097
CANBK,3,Distressed or Turnaround,2.7426277434456545
CHOLAFIN,3,Distressed or Turnaround,0.9151898128794574
CIPLA,4,Emerging Growth,0.0
COALINDIA,1,High-Quality Compounders,1.1245476809696302
DABUR,0,Value Cyclicals,0.8500946010358645
DIVISLAB,0,Value Cyclicals,0.7756800420597418
DLF,0,Value Cyclicals,2.4371564533151577
DMART,0,Value Cyclicals,1.330607520657999
DRREDDY,0,Value Cyclicals,1.2067701634245402
EICHERMOT,0,Value Cyclicals,0.4765988846750545
GAIL,0,Value Cyclicals,0.36691113370264555
GODREJCP,0,Value Cyclicals,0.6816800774080438
GRASIM,0,Value Cyclicals,0.8224698342004854
HAL,2,Defensive Dividend Payers,0.631612285024177
HAVELLS,0,Value Cyclicals,0.8941576481441085
HCLTECH,0,Value Cyclicals,0.48479504693687364
HDFCBANK,3,Distressed or Turnaround,0.5871347789566712
HDFCLIFE,1,High-Quality Compounders,1.3461486642729088
HEROMOTOCO,1,High-Quality Compounders,1.7081325372956813
HINDALCO,1,High-Quality Compounders,0.6122082245276618
HINDUNILVR,1,High-Quality Compounders,0.7298420576479353
ICICIBANK,3,Distressed or Turnaround,0.5701949100177433
ICICIGI,1,High-Quality Compounders,0.7413654951091873
ICICIPRULI,1,High-Quality Compounders,2.2655016398905206
INDIGO,1,High-Quality Compounders,2.4363617336535053
INDUSINDBK,3,Distressed or Turnaround,0.6600129939975482
INFY,0,Value Cyclicals,0.35804323928956144
IOC,0,Value Cyclicals,0.5916623929976894
IRCTC,0,Value Cyclicals,1.3520774362643317
IRFC,3,Distressed or Turnaround,1.818636133316611
ITC,0,Value Cyclicals,0.9004422653077239
JINDALSTEL,0,Value Cyclicals,1.3621048201573058
JIOFIN,1,High-Quality Compounders,0.8326647933971643
JSWENERGY,0,Value Cyclicals,1.3719833843830054
JSWSTEEL,0,Value Cyclicals,0.633692418492425
KOTAKBANK,1,High-Quality Compounders,1.3617586281088732
LICI,0,Value Cyclicals,2.0460236493677324
LODHA,0,Value Cyclicals,2.096753062056374
LT,0,Value Cyclicals,0.7857355709446749
LTIM,0,Value Cyclicals,2.6282350290209857
M&M,0,Value Cyclicals,0.8464744785149106
MARUTI,0,Value Cyclicals,0.33031658596177127
MOTHERSON,0,Value Cyclicals,0.6092689665880661
NAUKRI,0,Value Cyclicals,0.873845199570576
NESTLEIND,0,Value Cyclicals,0.5500150110361611
NHPC,0,Value Cyclicals,1.9919245932879273
NTPC,0,Value Cyclicals,0.477140733794812
ONGC,0,Value Cyclicals,0.6005881829816279
PFC,3,Distressed or Turnaround,1.257047217639106
PIDILITIND,0,Value Cyclicals,0.4835403819027779
PNB,3,Distressed or Turnaround,1.3704886032380004
POWERGRID,1,High-Quality Compounders,1.5205645453293228
RECLTD,3,Distressed or Turnaround,2.0188862069673914
RELIANCE,0,Value Cyclicals,0.2527944851625355
SBILIFE,0,Value Cyclicals,1.99352576215964
SBIN,0,Value Cyclicals,1.9158895926078434
SHREECEM,0,Value Cyclicals,0.26504114599622036
SHRIRAMFIN,3,Distressed or Turnaround,1.39220513459793
SIEMENS,0,Value Cyclicals,1.4272156415413173
SUNPHARMA,0,Value Cyclicals,1.1249382896954
TATACONSUM,0,Value Cyclicals,1.6795400959358233
TATAMOTORS,0,Value Cyclicals,0.5664447946815547
TATAPOWER,0,Value Cyclicals,0.8380989376764559
TATASTEEL,0,Value Cyclicals,0.6356309650524873
TCS,0,Value Cyclicals,0.34341327290285234
TECHM,0,Value Cyclicals,0.6293429017597386
TITAN,0,Value Cyclicals,1.5716630758059043
TORNTPHARM,0,Value Cyclicals,0.7634557814310315
TRENT,0,Value Cyclicals,3.4146411445909712
TVSMOTOR,0,Value Cyclicals,0.635732404764843
